model,workload,date,gpu_name,gpu_count,replica,quant,gpu_mem_util,max_model_len,max_batched_tokens,max_num_seqs,vllm_version,num_prompts,completed,max_concurrency,request_rate,duration_s,total_input_tokens,total_output_tokens,output_throughput,per_req_tps_mean,per_req_tps_median,per_req_tps_p1,e2e_mean_s,mean_ttft_ms,median_ttft_ms,p99_ttft_ms,mean_tpot_ms,median_tpot_ms,mean_itl_ms,median_itl_ms
qwen3.5-35b-a3b,apps_coding,20260324,RTX-6000-PRO,1,2,FP8,0.92,262144,32768,256,,500,500,128,inf,32.51,263548,,3904.06,37.1,35.5,26.2,6.728,354.78,192.24,1013.99,25.67,26.29,25.13,21.09
qwen3.5-35b-a3b,random_1k,20260324,RTX-6000-PRO,1,2,FP8,0.92,262144,32768,256,,500,500,128,inf,32.11,511232,,3985.77,36.9,34.1,25.5,7.264,1182.94,1067.83,6868.68,23.85,24.28,23.79,22.64
qwen3.5-35b-a3b,random_10k,20260324,RTX-6000-PRO,1,2,FP8,0.92,262144,32768,256,,500,500,128,inf,91.51,5119765,,1398.80,11.7,11.0,8.0,22.901,8158.33,7337.20,20546.58,57.81,60.59,57.61,24.14
qwen3.5-35b-a3b,random_100k,20260324,RTX-6000-PRO,1,2,FP8,0.92,262144,32768,256,,50,50,128,inf,204.61,5120000,,62.56,1.5,1.3,1.3,179.968,92951.06,90782.17,195373.58,341.24,331.75,340.55,31.72
qwen3.5-35b-a3b,apps_coding,20260324,RTX-6000-PRO,1,2,FP8,0.92,262144,32768,256,,500,500,16,inf,128.96,263548,,983.25,82.2,83.2,4.5,4.083,1241.52,117.57,34644.62,11.37,11.47,11.21,10.34
qwen3.5-35b-a3b,random_1k,20260324,RTX-6000-PRO,1,2,FP8,0.92,262144,32768,256,,500,500,16,inf,97.17,511232,,1317.22,85.2,79.7,65.1,3.095,235.30,181.65,921.59,11.21,11.80,11.18,10.64
qwen3.5-35b-a3b,random_10k,20260324,RTX-6000-PRO,1,2,FP8,0.92,262144,32768,256,,500,500,16,inf,176.99,5119765,,723.19,53.3,40.5,34.7,5.601,1930.88,1946.47,4016.07,14.39,13.92,14.34,11.24
qwen3.5-35b-a3b,random_100k,20260324,RTX-6000-PRO,1,2,FP8,0.92,262144,32768,256,,500,494,16,inf,2179.27,50585600,,58.03,7.2,3.2,2.3,69.431,37052.66,28879.85,100679.98,126.98,98.63,127.88,18.49
qwen3.5-9b,apps_coding,20260324,RTX-4090,1,1,FP8,0.92,131072,4096,16,,500,500,16,inf,195.36,263548,,650.17,50.6,52.2,4.1,6.071,1347.12,120.62,38474.54,18.68,18.68,18.61,16.96
qwen3.5-9b,random_1k,20260324,RTX-4090,1,1,FP8,0.92,131072,4096,16,,500,500,16,inf,175.11,511232,,730.96,46.6,46.8,40.2,5.501,784.84,760.05,1707.32,18.49,18.50,18.44,16.97
qwen3.5-9b,random_10k,20260324,RTX-4090,1,1,FP8,0.92,131072,4096,16,,500,494,16,inf,523.91,5058325,,241.38,15.3,15.2,11.2,16.851,2561.88,2589.35,8954.80,56.04,55.73,55.88,19.81
qwen3.5-9b,apps_coding,20260324,RTX-5090,1,1,FP8,0.92,131072,4096,16,,500,495,16,inf,186.92,260310,,672.56,56.8,58.9,3.3,5.844,1680.06,126.97,48053.09,16.44,16.46,16.40,14.64
qwen3.5-9b,random_1k,20260324,RTX-5090,1,1,FP8,0.92,131072,4096,16,,500,500,16,inf,143.37,511232,,892.80,57.0,56.9,56.0,4.493,535.63,559.39,803.57,15.52,15.40,15.48,14.77
qwen3.5-9b,random_10k,20260324,RTX-5090,1,1,FP8,0.92,131072,4096,16,,50,50,16,inf,38.00,512000,,336.81,24.6,22.9,15.4,11.129,2540.95,1844.62,7512.02,33.68,35.67,33.56,16.50
qwen3.5-9b,random_100k,20260324,RTX-5090,1,1,FP8,0.92,131072,4096,16,,50,50,16,inf,455.86,5120000,,28.08,2.0,1.8,1.3,136.688,84678.95,88399.24,139348.88,203.96,218.18,203.42,208.22
qwen3.5-9b,random_100k,20260324,RTX-4090,1,1,FP8,0.92,131072,4096,16,,50,50,16,inf,746.82,5120000,,17.14,1.3,1.1,0.9,218.464,160730.55,177240.71,228542.31,226.41,237.16,225.56,50.18
qwen3.5-9b,apps_coding,20260324,RTX-4090,1,6,FP8,0.92,131072,4096,16,,500,500,16,inf,229.55,263548,,552.01,56.0,61.4,2.7,7.205,2892.94,123.06,58493.78,16.67,15.60,17.02,15.23
qwen3.5-9b,random_1k,20260324,RTX-4090,1,6,FP8,0.92,131072,4096,16,,500,500,16,inf,134.20,511232,,953.79,60.8,61.2,53.9,4.217,176.39,162.05,338.97,15.85,15.74,15.80,15.19
qwen3.5-9b,random_10k,20260324,RTX-4090,1,6,FP8,0.92,131072,4096,16,,500,500,16,inf,214.47,5119765,,596.83,38.9,39.0,26.4,6.774,1215.73,1049.67,2562.59,21.80,21.02,21.72,15.92
qwen3.5-9b,random_100k,20260324,RTX-4090,1,6,FP8,0.92,131072,4096,16,,50,49,16,inf,165.44,5017600,,75.82,6.7,5.6,3.0,46.997,24939.31,21346.65,63915.08,86.50,70.88,86.90,20.74
qwen3.5-9b,apps_coding,20260324,RTX-5090,1,3,FP8,0.92,131072,4096,16,,500,500,16,inf,170.03,263548,,746.16,62.4,65.5,4.3,5.288,1451.53,104.03,43762.23,15.11,14.82,15.13,14.40
qwen3.5-9b,random_1k,20260324,RTX-5090,1,3,FP8,0.92,131072,4096,16,,500,500,16,inf,127.83,511232,,1001.35,64.0,63.9,61.2,4.004,166.55,149.62,375.93,15.05,15.04,15.00,14.48
qwen3.5-9b,random_10k,20260324,RTX-5090,1,3,FP8,0.92,131072,4096,16,,50,50,16,inf,22.15,512000,,577.75,39.3,37.7,32.7,6.676,1528.04,1297.70,3813.01,20.19,19.50,20.12,15.07
qwen3.5-9b,random_100k,20260324,RTX-5090,1,3,FP8,0.92,131072,4096,16,,50,50,16,inf,170.13,5120000,,75.24,5.9,5.4,3.2,50.396,23697.38,18866.60,55289.17,104.70,91.45,105.01,20.45
qwen3.5-35b-a3b,apps_coding,20260324,RTX-6000-PRO,1,2,FP8,0.92,262144,32768,256,,500,500,256,inf,29.31,263548,,4329.27,22.5,24.0,8.0,10.825,2529.84,2721.79,6580.10,33.95,35.54,32.71,25.22
qwen3.5-35b-a3b,random_1k,20260324,RTX-6000-PRO,1,2,FP8,0.92,262144,32768,256,,500,500,256,inf,24.93,511232,,5134.59,26.2,27.9,14.4,10.487,3553.12,2051.64,10900.71,27.19,27.69,27.12,24.91
qwen3.5-35b-a3b,random_10k,20260324,RTX-6000-PRO,1,2,FP8,0.92,262144,32768,256,,500,500,256,inf,89.67,5119765,,1426.39,6.7,6.2,3.4,43.060,16746.95,12584.00,43541.63,103.32,121.24,102.90,31.87
qwen3.5-35b-a3b,random_100k,20260324,RTX-6000-PRO,1,2,FP8,0.92,262144,32768,256,,50,46,256,inf,196.36,4710400,,59.49,1.5,1.3,1.0,175.742,91252.77,87604.30,188695.33,331.70,329.90,333.49,28.09
qwen3.5-35b-a3b,apps_coding,20260324,RTX-6000-PRO,1,2,FP8,0.92,262144,32768,256,,500,500,32,inf,62.45,263548,,2033.74,67.1,67.5,50.8,3.726,144.55,126.42,410.52,14.26,14.21,14.11,12.66
qwen3.5-35b-a3b,random_1k,20260324,RTX-6000-PRO,1,2,FP8,0.92,262144,32768,256,,500,500,32,inf,62.47,511232,,2048.83,67.3,64.1,55.9,3.889,261.45,225.77,578.82,14.22,14.57,14.18,13.37
qwen3.5-35b-a3b,random_10k,20260324,RTX-6000-PRO,1,2,FP8,0.92,262144,32768,256,,500,500,32,inf,168.46,5119765,,759.83,32.1,21.0,20.3,10.652,4378.56,4418.42,8544.10,24.60,23.94,24.51,15.49
qwen3.5-35b-a3b,random_100k,20260324,RTX-6000-PRO,1,2,FP8,0.92,262144,32768,256,,50,50,32,inf,202.55,5120000,,63.19,3.0,2.2,1.8,110.523,55337.26,52011.41,130474.81,216.41,205.91,216.65,24.63
qwen3.5-9b,apps_coding,20260324,RTX-4090,1,6,FP8,0.92,131072,4096,16,,500,499,32,inf,76.23,263314,,1664.16,58.8,59.5,46.6,4.271,154.63,126.91,457.48,16.27,16.15,16.20,15.52
qwen3.5-9b,random_1k,20260324,RTX-4090,1,6,FP8,0.92,131072,4096,16,,500,500,32,inf,71.41,511232,,1792.54,57.5,57.2,52.1,4.463,203.34,174.65,638.35,16.70,16.78,16.65,15.61
qwen3.5-9b,random_10k,20260324,RTX-4090,1,6,FP8,0.92,131072,4096,16,,500,500,32,inf,144.74,5119765,,884.37,30.0,27.7,18.4,9.101,1706.83,1299.51,5262.03,29.00,28.07,28.90,17.03
qwen3.5-9b,random_100k,20260324,RTX-4090,1,6,FP8,0.92,131072,4096,16,,50,50,32,inf,167.16,5120000,,76.57,3.6,3.2,1.9,83.494,44255.21,32517.76,109761.70,153.88,175.42,154.05,24.03
qwen3.5-9b,apps_coding,20260324,RTX-5090,1,3,FP8,0.92,131072,4096,16,,50,50,32,inf,16.95,26343,,794.87,61.0,62.5,42.6,4.239,257.89,311.22,385.43,14.91,14.86,14.79,14.39
qwen3.5-9b,random_1k,20260324,RTX-5090,1,3,FP8,0.92,131072,4096,16,,50,50,32,inf,8.37,51198,,1530.11,60.7,61.1,55.9,4.232,393.63,352.00,817.08,15.05,14.89,15.00,14.47
qwen3.5-9b,random_10k,20260324,RTX-5090,1,3,FP8,0.92,131072,4096,16,,50,50,32,inf,16.65,512000,,768.72,31.3,29.3,22.0,8.774,2521.08,1744.48,7019.94,24.52,24.03,24.49,15.74
qwen3.5-9b,random_100k,20260324,RTX-5090,1,3,FP8,0.92,131072,4096,16,,50,50,32,inf,162.77,5120000,,78.64,3.1,3.0,1.7,92.090,47706.83,42823.17,100506.65,174.05,212.13,173.74,187.72
qwen3.5-35b-a3b,apps_coding,20260324,RTX-6000-PRO,1,2,FP8,0.92,262144,32768,256,,500,500,64,inf,43.24,263548,,2930.16,51.1,50.9,41.0,4.896,185.51,134.78,541.02,18.77,19.06,18.60,16.06
qwen3.5-35b-a3b,random_1k,20260324,RTX-6000-PRO,1,2,FP8,0.92,262144,32768,256,,500,500,64,inf,45.45,511232,,2816.58,50.1,42.1,39.3,5.486,735.31,838.87,1226.10,18.63,20.11,18.58,18.27
qwen3.5-35b-a3b,random_10k,20260324,RTX-6000-PRO,1,2,FP8,0.92,262144,32768,256,,500,500,64,inf,105.46,5119765,,1212.55,20.8,19.2,14.6,13.088,5011.95,4987.95,9407.41,31.69,29.19,31.59,18.14
qwen3.5-35b-a3b,random_100k,20260324,RTX-6000-PRO,1,2,FP8,0.92,262144,32768,256,,50,34,64,inf,175.29,3481600,,49.66,1.5,1.5,1.5,167.675,95793.29,100007.72,168321.90,281.89,263.69,282.83,23.64
